birdID,Predeafening,Postdeafening
b14r74,0.057666666666666665,0.0999
b4r64,0.0945,0.127
b70r38,0.059500000000000004,0.06923076923076923
g35r38,,0.124
g70r40,0.039,
k27o36,0.106,0.2185
o25w75,0.085,
w16w14,0.10925,0.205375
w21w30,0.06475,0.10300000000000001
y44r34,0.05433333333333334,0.063375
